PARAHNYA DIKASI TEPUK TANGAN LAGI  BOS!!!;0,0
RT @KontraS: Hai! Berjumpa lagi dengan KontraS yang akan kembali 'nyicil' membahas Laporan Evaluasi 4 Tahun Kinerja Pemerintahan @Jokowi ‚Äì‚Ä¶;1,1
RT @fadlizon: Bohong lagi bohong lagi. Mikrofon dimatikan dulu dong P LBP. https://t.co/eeAUEIzLAc;0,0
"RT @TheCebongers: Prawobo sentil Jokowi ""Ugal2an. Lalu"" Bung Adian membalas bukan sentilan tapi pukulan telak ke ""Prabowo! Pemerintahan"" yg ug‚Ä¶;0",0
RT @bangzul_1988: @JajangRidwan19 @Hadisang70 @budimandjatmiko Saya melihat dari dalam diri bung @budimandjatmiko ini beliau sgt ingin pu‚Ä¶, 
RT @narkosun: Jokowi dibilang ugal2an. jadi yg membangun infrastruktur bagi2 sertifikat lapangan kerja pembangkit listrik jalan tol be‚Ä¶;0,0
RT @IreneViena: Jika saya dapat membuktikan keputusan pemerintah terkait takeover saham mayority freeport yg dilakukan sekarang adalah tind‚Ä¶;1,1
"RT @fariji_lacak: Sdh Kubilang Dari ""AWAL. Demokrat PKS &amp; PAN, FOKUS pd PILLEG ketimbang PILPRES. 1.Mereka"" tdk ingin kehilangan Wakilnya di‚Ä¶;0",0
RT @mkhumaini: Hampir genap empat tahun pemerintah mencatatkan total¬†utang¬†mencapai Rp4.416 triliun naik sekitar Rp1.815 triliun dari pos‚Ä¶;0,0
"jokowi Siapa pun Cawapres  intinya Jokowi harus @jokowi 2 periode. "";1",1
#2019jokowilanjut;1,1
"#2019TetapJokowi‚Ä¶"" https://t.co/HrhQwh9Kth;1",1
 @marierteman @fadlizon @Metro_TV @jokowi @kemkominfo @Metro_TV mah tv bencong;0,0
"RT @MbahUyok: Sejak ""menjabat.. Anies:"" satu per satu janji ""dipenuhi. Jokowi:"" satu per satu janji ""diingkari. Pergub"" OK OCE Diteken Anies  Bu‚Ä¶;0",0
Jokowi dan Greenpeace: Bagaimana Industri Dihancurkan (Kalimantan Berita) - https://t.co/qlyqY41nGn https://t.co/iGPu0GHSQn;0,0
"RT @UtuhWibowo: Ssstt.. Ssstt.. HATTRICK! ""üòÖ;0",0
"RS"" dipecat dari Timses Prabowo Sandi negara tidak ada kerugian  digoreng terus ""menerus. ST ‚Ä¶"";0",0
RT @yudimeno: @asrarkrm @jokowi Pidato diketikin twit fb di ketikin  trus apa yg original dr presiden kita selain kuis nama2 ikan ???;0,0
"RT @cahkelendi: Kami &gt;1100 #Ex_VIJ siap mengawal dgn segala kompetensi dan pengalaman kami ""saatJamkesmas. Terbukti  2008-2009 @KemenkesRI t‚Ä¶;1",1
"RT @SpionaseNKRI: Jujur, gw bingung!! "" Gereja disegel "" -"" Vihara ""dibongkar -"" Non muslim ""ditindas -"" Tradisi &amp; budaya nusantara """"""dihabisi"""" -‚Ä¶"";0",0
Mang haus pujian giliran dikritik ga mau kerjaan CS atau AO dikerjakan presiden kebangetan;0,0
"RT @marierteman: tergerus itu = TEKOR kan ""? @pertamina"" @KemenESDM @KemenkeuRI @PerekonomianRI @jokowi "" https://t.co/xwBX5MdgFW"";0",0
RT @erwinsudarman: Kala BPJS defisit menteri apa yg harus tanggung jawab? Ngga ada..  BPJS langsung di bawah Presiden. Kenapa Presiden @jo‚Ä¶;0,0
RT @AkunTofa: Jokowi KEOK. Percayalah. https://t.co/uhP3z0ALxT;0,0
"Emang yakin kalau @prabowo menang akan lebih baik ? Dan membawa dampak positif ""? Atau"" kalau @jokowi menang ekonomi‚Ä¶ https://t.co/3SGhHq5iYq;1",1
"""@humeruscattery1 @GunRomli @jokowi Blunder sendiri jadi boomerang. Mungkin doi ga kepikir sampe sejauh itu. #sekolam;1",1
RT @CNNIndonesia: Bawaslu Duga Jokowi-Maruf Curi Start Kampanye di Media Cetak https://t.co/q5JsCLWChm;0,0
"RT @RizmaWidiono: Jokowi Tinjau Pembangunan Rumah Tahan Gempa di Sumbawa Barat ""NTB.;1",1
"#2019TetapJokowi"" "";1",1
RT @dr_gundi: Ya Allah pak @jokowi 4 9 T itu buat 203 juta peserta bpjs kesehatan bapak koq heran itu artinya masing2 cm dpt 24 rban rupia‚Ä¶;0,0
"RT @jokowi: Di Sumbawa saya saksikan bantuan pemerintah untuk korban gempa sudah gampang ""diuangkan. Jangan"" lupa yang rusak di NTB ini t‚Ä¶;0",0
RT @CepJohan: Sdr. Presiden @jokowi Anda bilang urusan defisit BPJS sampai ke Presiden kebangetan? Anda Presiden sudah baca UU BPJS Pasal‚Ä¶;0,0
"RT @Kings4fir: TIMSES JOKOWI MINTA SUMBANGAN KE TAIPAN2 YG PUNYA UANG ! TDK ADA SUMBANGAN TANPA BALAS BUDI DGN MENJUAL ""RAKYAT PAK"" @prabowo‚Ä¶;0",0
RT @jokoedy6: Kata Jokowi di TV mestinya adu program adu ide etc. Apanya yg diadu? Sebab 66 program pilpres 2014 mangkrak. Mau yg mangk‚Ä¶;0,0
RT @sandiuno: Kita ingin selama proses kampanye menuju Pilpres 2019 berjalan dengan damai menjunjung tinggi persatuan dan keberagaman. Say‚Ä¶;1,1
"RT @Ferdinand_Haean: Utang yang menggunung ini semakin membuat pemerintahan pak @jokowi dianggap sukses oleh para pendukungnya. "" Sukses"" jg‚Ä¶;0",0
RT @demokrasionline: Beredar Iklan Pasangan Jokowi-Ma‚Äôruf di Koran KPU: Itu Pelanggaran https://t.co/Y72CDibNOg;0,0
"RT @TheCebongers: Pesan dari Mas @budimandjatmiko Kepada pendukung Pak ""Jokowi Jangan"" bawa-bawa latar belakang keluarga capres meskipun ki‚Ä¶;1",1
"RT @RadPlague: Memilih Jokowi sebagai pemimpin dengan alasan tak ingin Prabowo berkuasa adalah hal paling menyedihkan yg pernah gw ""dengar I‚Ä¶"";0",0
"RT @AdityaWisnu: Jokowi itu manager. Do the things right melakukan sesuatu yang ""benar. Prabowo"" itu leader. Do the right things melakukan‚Ä¶;0",0
"RT @RiswanLalu2: Siapa pemimpin yg cocok buat Indonesia ""? a."" Prabowo-Sandi ""(PADI) b."" Jokowi-Maruf ""(KORUF) Tekan"" (re-tweet) jika pilih (PA‚Ä¶", 
RT @warta_politik: Sibuk Bahas Jilbab Neneng Detikcom DISIKAT Warganet: Niat Banget Busukin Islam. Kok Gak Bahas Bahwa Dia Timses Jokowi?‚Ä¶;0,0
"RT @TetapPatriot: Nah ""loh.. BPK"" Beberkan 'Salah Urus' Impor Pangan Era Jokowi. Rizal Ramli sudah Ingatkan "" https://t.co/TkX1Iy1tUk"" https://‚Ä¶;0",0
RT @Fahrihamzah: Ini logika yg merusak pak @jokowi karena nyalahin @sandiuno padahal maksudnya nenbak gubernur DKI sebelumnya kan?  Waspada‚Ä¶;0,0
RT @NCI4RI: @KontraS @jokowi Ketika Kontras sudah terindikasi jadi alat politik;1, 
@RudyHengQy @04Nakula @RizmaWidiono @Ferdinand_Haean @PDemokrat @SBYudhoyono @jokowi @bpkri @ASapardan‚Ä¶ https://t.co/uTM91VV0iL, 
"RT @OrangDjawa: Tanya @Metro_TV kapan tagih janji surya ""paloh 1."" Akan membangun menara tertinggi di ""Jakarta 2."" Bersumpah tidak akan pernah‚Ä¶ Jangan ada dusta diantara kita... ""üòÄ https://t.co/K7JRhyrfCw""", 
RT @erna_st: Jokowi bisa jadi cuma ingin BPJS memutar otak lbh keras agar tdk terus rugi. Tp prnyataan Jokowi¬†klau mlsh sharusnya slesai di‚Ä¶;1,1
RT @Wonggun20136407: Sebenarnya tidak harus brani menjadi imam solat jika emang ilmu tentang kiro ahnya sempit sebab imam solat beda dgn kd‚Ä¶, 
RT @jokoedy6: Ngawur berat JK. Selama 32 tahun pertumbuhan rata2 adalah 73%. Jelas makmur. Selama 4 thn Jokowi rata2 pertumbuhan 5% turun‚Ä¶;0,0
RT @RS4idi: @V_Stone_Kardol @jokowi Aamiin ya rabbal alamin;1,1
"RT @Maulana_Tigor: Pernyataan siRomlah ini sebenarnya menampol Capresnya ""sendiri!Padahal"" Jokowi yg duluan melompat kePresiden sblm jabatan‚Ä¶;0",0
"RT @RizmaWidiono: Luhut Minta Pengkritik Jokowi Jangan BERBOHONG. "";1",1
"#2019TetapJokowi"" "";1",1
"#2019JokowiMarufAmin"" ‚òùÔ∏è https://t.co/1mszilFEBg;1",1
"RT @UtuhWibowo: Prabowo unggul lagi dimana pendukung ""Jokowi? Alhamdulillah"" pendukung Jokowi sudah pada pindah haluan sudah banyak yang s‚Ä¶;0",0
"RT @kokokdirgantoro: Jokowi periksa got ~&gt; ""pencitraan Jokowi"" periksa irigasi ~&gt; ""pencitraan Jokowi"" bincang dgn petani ~&gt; ""pencitraan. Sandi‚Ä¶""'0",0
"APA KATA PEMIMPIN DUNIA Tentang  @jokowi "" PM"" ""AUSTRALIA TONNY"" ""ABBOT: Dibawah"" kepemimpinan Joko Widodo Kekuatan Mili‚Ä¶ https://t.co/8NG7YlrYtX;1",1
RT @jokoedy6: Kata Jokowi di TV  mestinya adu program adu ide etc. Apanya yg diadu? Sebab 66 program pilpres 2014 mangkrak. Mau yg mangk‚Ä¶;0,0
"RT @TirtoID: Presiden Jokowi mengatakan urusan utang rumah sakit adalah urusan Dirut BPJS dan tidak perlu sampai ke presiden. "" Padahal"" je‚Ä¶;0",0
RT @Fahrihamzah: Pak Jokowi  BPJS Kesehatan adalah program strategis nasional yang oleh bapak disebut dengan Jaminan Kesehatan Nasional-Kar‚Ä¶;0,0
"RT @TetapPatriot: Nah ""loh.. BPK"" Beberkan 'Salah Urus' Impor Pangan Era Jokowi. Rizal Ramli sudah Ingatkan "" https://t.co/TkX1Iy1tUk"" https://‚Ä¶;0",0
RT @Raza60556961: @CakKhum @Ferdinand_Haean Smakin kemari timses jokowi koq banyak yg pd ngeles yaa!!! Dagh mendingan dengerin anak ini aja‚Ä¶;0,0
RT @newsjundi: Doa Habib Rizieq Syihab bersama umat islam saat di dzolimi oleh rezim @jokowi di aksi 411 depan istana negara...mari kita Aa‚Ä¶;0,0
RT @putrabanten80: Untuk kesekian kali nya jubir-jubir jokowi di buat tak berkutik dan menahan rasa malu dan Aktor Protagonis yg melakukan‚Ä¶;0,0
"RT @MbahUyok: Sejak ""menjabat.. Anies:"" satu per satu janji ""dipenuhi. Jokowi:"" satu per satu janji ""diingkari. Pergub"" OK OCE Diteken Anies  Bu‚Ä¶;0",0
"RT @SpionaseNKRI: Jujur gw ""bingung!! #VALUE! -"" Vihara ""dibongkar -"" Non muslim ""ditindas -"" Tradisi &amp; budaya nusantara """"""dihabisi"""" -‚Ä¶"" RT @UtuhWibowo: Ssstt.. Ssstt.. HATTRICK! ""üòÖ;0",0
"RS"" dipecat dari Timses Prabowo Sandi negara tidak ada kerugian digoreng terus ""menerus. ST ‚Ä¶"";1",1
"mantan menteri yg sakit hati.... "" bukankah"" begitu pak @sudirmansaid ?", 
RT @JuniorPrangko: @V_Stone_Kardol @jokowi Pemalas = Hidup Susah https://t.co/2LzbhkqEfJ;0,0
RT @IreneViena: Jika saya dapat membuktikan keputusan pemerintah terkait takeover saham mayority ;11freeport yg dilakukan sekarang adalah tind‚Ä¶, 
"RT @TetapPatriot: Nah ""loh.. BPK"" Beberkan 'Salah Urus' Impor Pangan Era Jokowi. Rizal Ramli sudah Ingatkan "" https://t.co/TkX1Iy1tUk"" https://‚Ä¶'0",0
Memang sengaja kali? klo kurir dimatiin otaknya ga bakal terbongkar. üôä, 
"RT @TirtoID: Presiden Jokowi mengatakan urusan utang rumah sakit adalah urusan Dirut BPJS dan tidak perlu sampai ke presiden. "" Padahal"" je‚Ä¶;0",0
"""@billraziq open discuss ya kurasa petahana memang punya advantage seperti ini. Praktik simplenya Petahana akan se‚Ä¶ https://t.co/bCOEg45tFg ;0",0
Wkwkwk @erwinsudarman @jokowi Kagaaaak bang, 
"RT @haidar_arsyad: Seharusnya presiden menayakan dlu kpd staff nya masalah hierarki dari bpjs ini agar tidak """"""menambah"" ""bodoh"""""" presiden di m‚Ä¶;0",0
"RT @CepJohan: Sdr. presiden @jokowi lebih kebangetan mana sama urusan bagi-bagi sertifikat ""tanah?? https://t.co/6Wl6WYdU9r"";1",1
"RT @DonAdam08: Sependek pengetahuan saya BPJS Kesehatan langsung dibawah Presiden tidak melalui kementerian. "" Mungkin"" beliau lupa? https:‚Ä¶;0",0
RT @warta_politik: Sibuk Bahas Jilbab Neneng Detikcom DISIKAT Warganet: Niat Banget Busukin Islam. Kok Gak Bahas Bahwa Dia Timses Jokowi?‚Ä¶'0,0
BPK Beberkan 'Salah Urus' Impor Pangan Era Jokowi. Rizal Ramli sudah Ingatkan  https://t.co/LDyy5wG8v1;0,0
"RT @bonie0959: @rezaa_jkt @D_Almazendra @republikaonline @jokowi Presiden tidak bisa mengelak dari tanggung jawab. "" Ini"" amanat Undang Undan‚Ä¶;0",0
RT @Fahrihamzah: Ini logika yg merusak pak @jokowi karena nyalahin @sandiuno padahal maksudnya nenbak gubernur DKI sebelumnya kan?  Waspada‚Ä¶;0,0
RT @MaCiamis: ciamis berSATU untuk kemenangan Jokowi.. @jokowi #JokowiLagi #JokowiMaruf2019 https://t.co/OLqtUE6iJq;1,1
RT @s4tria16: Presiden @Jokowi kan bagikan 5.000 beasiswa kpd mahasiswa yg terkena imbas bencana Lombok dr 5.000 beasiswa tersebut @Jokow‚Ä¶;1,1
RT @erwinsudarman: Kala BPJS defisit;0, 
"RT @NonaYenAje: Amsyiong satu ""bangsa..üò§;0",0
"Woyy"" sapa dulu yg milih mukidi?..ngacungüò§ https://t.co/beOJkiRiZo", 
RT @januryanur1226: @V_Stone_Kardol @jokowi Gimana nggak susah teruus wong cara berpikirnya jg selalu dibikin susah yg gampang dibuat susa‚Ä¶;0,0
"RT @jokowi: Di Sumbawa saya saksikan bantuan pemerintah untuk korban gempa sudah gampang ""diuangkan. Jangan"" lupa yang rusak di NTB ini t‚Ä¶'1",1
"RT @dusrimulya: üôá : """"""Prabowo"" harusnya berhati2 terima informasi agar tak termakan hoax..bagaimana bila nanti memimpin Indonesia klo tak hat‚Ä¶;1",1
RT @newsjundi: Doa Habib Rizieq Syihab bersama umat islam saat di dzolimi oleh rezim @jokowi di aksi 411 depan istana negara...mari kita Aa‚Ä¶;0,0
"RT @polling_ina: Untuk menghindari polling dibajak akun robot lagi seperti polling sebelumnya berikut ini kami adakan polling ""gambar A.""  P‚Ä¶", 
RT @syalunna: @Blackbeard008 @Je_Latah @trahlendir @jonathan_erwan @katerinaKwari @chicohakim @Dasmev2019 @masjoko_ind @masgag4h @nyenyengg‚Ä¶, 
"RT @04Nakula: @Ferdinand_Haean Kader @PDemokrat ini emang ""GOBLOK! Rp"" 45 6 T itu di bagi dua ""presiden: 1:Periode"" 2003 sampai 2014 rezim @S‚Ä¶;0",0
RT @eae18: Cak Nun: Jadi kita doakan mudah-mudahan beliau (jokowi) ini oleh Allah segera dibebaskan dari tekanan-tekanan. Jelas ya. Jelas m‚Ä¶;1,1
RT @nemosyus: Malah bertambah bnyk kasus pelanggaran HAM di era joko https://t.co/iYc0rclz3H;0,0
RT @jokowi: Seperti penari Bali yang berjumpalitan di depan saya ini beberapa bulan terakhir negara kita bak di atas putaran roda kehidup‚Ä¶;1,1
"RT @roninpribumi: Bawaslu Duga Jokowi-Ma'ruf NYOLONG Start Kampanye di Media ""Cetak #2019GantiPresiden https://t.co/iFwzWnXkXc"";0",0
"RT @hanin_muthia: Kenapa kalian dukung Jokowi? """, 
"#2019PilihJokowi"" #2019TetapJokowi #JokowiLagi;1",1
RT @zarazettirazr: Ai don rid wot ai sain yu no? Becoz winter is coming https://t.co/OkPyeVXTrL, 
RT @putrabanten80: Untuk kesekian kali nya jubir-jubir jokowi di buat tak berkutik dan menahan rasa malu dan Aktor Protagonis yg melakukan‚Ä¶;0,0
RT @Dahnilanzar: Pak @jokowi BPJS itu langsung bertanggungjawab kepada Presiden lho.;0,0
 @bioedmond @jokoedy6 Yg korupsi kebanyakan para pendukung Jokowi. Lihat aja Meikarta siapa mrk.;0,0
RT @chairulakhmad: Perang Logika Jokowi-Prabowo di mata @rockygerung dan @AdianNapitupul1 ... https://t.co/uVeEvqMSun via @YouTube https://‚Ä¶, 
@tikusmerah1 @mpuanon Mungkin pada nyadar kalo Pilpres 2019 bakalan dimenangkan pihak Petahana arah politknya ke P‚Ä¶ https://t.co/7vakNIkRyV;1,1
"RT @marierteman: Kapan @Metro_TV berani tagih janji @jokowi ? Tidak akan krn media partisan ""? Dlm"" perspektif demokrasi boleh. Asal negar‚Ä¶;0",0
"RT @vierda: Ga usah diajarin pak antar umat beragama jarang konflik di era 10th SBY ""berkuasa Justru"" saya heran di era bapak tiba2 org bany‚Ä¶'0",0
"RT @zulfanp1: @piss_me @in_hoping @irene_juniva @FatiarTiarti @daniaxtt_ @FirdausKumis__ @JuniorPrangko @andicribs @bambang_shm @CumiCue @S‚Ä¶ Ijin Bertanya Pak/Bu "" Harus"" Berapa Kali Pelanggaran yg dilakukan oleh Pasangan Capres &amp; Cawapres baru bisa di Disk‚Ä¶ https://t.co/gvmeBc5c2p;0",0
"RT @IreneViena: 26. Survey Elektabilitas terakhir (20/9/2018) "" Prabowo"" - Sandiaga ""78% Jokowi"" - Maruf ""22% Prabowo"" Sandi hanya kalah di Bal‚Ä¶;0",0
"RT @MbahUyok: Sejak ""menjabat.. Anies:"" satu per satu janji ""dipenuhi. Jokowi:"" satu per satu janji ""diingkari. Pergub"" OK OCE Diteken Anies  Bu‚Ä¶;0",0
"HBS OPERASI ""PLASTIK KPN"" MRK OPS KELAMIN YA Pak jokowi merokok...?;0",0
Anak Buah Prabowo Prihatin Jurkam Jokowi Terima Suap https://t.co/MRKXOzLSKM;0,0
Anak Buah Prabowo Prihatin Jurkam Jokowi Terima Suap https://t.co/jfPhYMJs5w;0,0
"RT @JayaSatrianie: Natalius Pigai "" "" Tidak ada Pembukaan ruas jalan baru yg dibangun oleh presiden jokowi ""Tukimin"" dipercaya dongo lu ! üòë‚Ä¶;0",0
@syalunna @Blackbeard008 @Je_Latah @trahlendir @jonathan_erwan @chicohakim @Dasmev2019 @masjoko_ind @masgag4h‚Ä¶ https://t.co/gzDN91CQWf, 
RT @dr_gundi: Mau lihat bukti rusaknya kondisi sosial politik kita saat ini akibat sengitnya perkelahian 2 kubu?Lihat aja ini SMI yg slm in‚Ä¶, 
"RT @dusrimulya: üôá : """"""Prabowo"" harusnya berhati2 terima informasi agar tak termakan hoax..bagaimana bila nanti memimpin Indonesia klo tak hat‚Ä¶;1",1
@Dahnilanzar @jokowi Jurus anthum koq ngaco begindang Bro? Politik itu butuh kecerdasan lebih  bukan asal ngablak..;0,0
RT @Fahrihamzah: Ada baiknya juga mohon maaf kepada rakyat atas semua janji yg tidak ditepati... https://t.co/gfOmz56IyL;0,0
RT @herditiya1: Kapasitasnya terbatas. Ia lebih memilih kerja enteng: masuk gorong¬≤ main sulap momotoran plesiran di mal tebak¬≤an nama‚Ä¶;0,0
Bupati pendukung Jokowi diciduk KPK tim Prabowo bersyukur tak libatkan kepala daerah https://t.co/hYOYrccP4m;0,0
"RT @dwi_ardys: Berarti sorotan agresif dr @RamliRizal udah ""bener?", 
"BPK"" Beberkan 'Salah Urus' Impor Pangan Era Jokowi https://t.co/M2JKyoZsqc;0",0
RT @Fahrihamzah: Pak Jokowi  BPJS Kesehatan adalah program strategis nasional yang oleh bapak disebut dengan Jaminan Kesehatan Nasional-Kar‚Ä¶;0,0
"RT @ErnaProjo: Siap-siap untuk Para Kades Jokowi akan Bawa KPK Cek Keuangan ""Desa Makin"" mantab aja @jokowi ""üëçüëçüëçüëç;1",1
#JokowiLagi;1,1
Serahkan Bantuan Dana Gempa Jokowi Saksikan Pencairannya https://t.co/1dhsiuDtbI https://t.co/oNvI8qbpfW;1,1
RT @MMisbakhun: Ini fasilitas yg diberikan oleh negara bukan diberikan atas nama pribadi pejabat. Hati-hati @liputan6dotcom bikin judul ber‚Ä¶, 
"RT @UtuhWibowo: Ssstt.. Ssstt.. HATTRICK! ""üòÖ", 
RT @rmolco: JK Minta Maaf Target Dari Jokowi Meleset #KlikRMOL  #asianparagames https://t.co/c568CEcyPy;1,1
"RT @dankh3tt1: Evaluasi.APBDES P. 2018 Desa Kampung Baru dan Desa Rawa Mekar Kec. Maro Sebo Ulu Kab.Batang Hari Provinsi ""Jambi. @jokowi"" @Ek‚Ä¶", 
"RT @fermendkis: Kpop ""bagus Via"" valen ""bagus Nela"" karisma ""bagus Jokowi"" ""bagus Prabowo"" ""bagus Toko"" ""bagus Yang"" jelek cuman tulisan tangan saya.;1",1
?Pasang Iklan di Media Cetak Jokowi-Ma‚Äôruf Diduga Langgar Kampanye | https://t.co/mFSr8zEILS https://t.co/gh5bmF7dDq;0,0
 @null Gara-gara Iklan Videotron Jokowi-Amin 'Dikejar' Syahroni Sidang dugaan pelangga  https://t.co/OiXeDUKocP;0,0
 @jokowi Dan kami Bangga memiliki Presiden spt beliau Jaga kesehatan selalu ya pak #2019TetapJokowi;1,1
"RT @PollingLagi: Polling yuk... ""üòä Seandainya..."" ini seandainya ya di Pilpres 2019 Petahana vs Kotak Kosong anda pilih yang mana ""? 01."" Jo‚Ä¶", 
 @Ophthal86618046 @Fahrihamzah @maspiyuuu @jokowi @BPJSKesehatanRI @KemenkesRI Hoax menurut cebong.. jelas tg. Jawab‚Ä¶ https://t.co/dhMl6MmSyf;0,0
"RT @ustadtengkuzul: Nasib pak Luhut Mikropon Menyala. Saat Acara IMF Berfoto Terdengar ""Ucapan:"""""" No No No Two is for Prabowo One is for Jo‚Ä¶;0",0
cek yuk -&gt; Gara-gara Iklan Videotron Jokowi-Amin 'Dikejar' Syahroni Sidang dugaan pelangga  https://t.co/ASeeG3Y3nV;0,0
"RT @RadPlague: Memilih Jokowi sebagai pemimpin dengan alasan tak ingin Prabowo berkuasa adalah hal paling menyedihkan yg pernah gw ""dengar I‚Ä¶"";1",1
"RT @jokowi: Kembali menuju NTB untuk meninjau proses rehabilitasi dan rekonstruksi pasca gempa di Lombok dan ""sekitarnya. Saya"" hendak memas‚Ä¶;1",1
RT @enylove2: Pagi ini kamis 18 Okt  Pak @jokowi kembali mengunjungi NTB untuk melihat langsung Proses Rehabilitasi &amp;Rekonstruksi Pasca Gem‚Ä¶;1,1
"RT @TheCebongers: Adian Napitupulu : Kalau saya seperti Jokowi saya senang Jokowi baik cerdas pintar lembut ""hati. Dari"" pada bung sepe‚Ä¶;1",1
"RT @AkhmadMu: Sy inget betul saat salah seorang temen tanya ke sy """"""km"" tau gk agama @budimandjatmiko itu apa kok km sptnya ngefans sm ""dia?""""‚Ä¶"";1",1
"RT @ErnaProjo: Siap-siap untuk Para Kades  Jokowi akan Bawa KPK Cek Keuangan ""Desa Makin"" mantab aja @jokowi ""üëçüëçüëçüëç;1",1
"#JokowiLagi Sumber"" üëâüëâ  htt‚Ä¶;1",1
RT @ronavioleta: soalnya prabowo tahu diri kalo agama dan bacaannya Ga bagus. Apalagi utk jadi Imam sholat ada syarat2nya dlm Islam. Beda s‚Ä¶;1,1
"RT @TheCebongers: Prawobo sentil Jokowi ""Ugal2an. Lalu"" Bung Adian membalas bukan sentilan tapi pukulan telak ke ""Prabowo! Pemerintahan"" yg ug‚Ä¶;0",0
"RT @TopeRendusara: ‚ÄúPaman Pak Jokowi dan adik Pak Jokowi ‚Äù kata Fayakhun ""Andriadi", 
"Cieee..."" Capres yang pakai slogan """"""Bersih"""""" tahunya kelua‚Ä¶;0",0
RT @jokoedy6: Kata Jokowi di TV  mestinya adu program adu ide etc. Apanya yg diadu? Sebab 66 program pilpres 2014 mangkrak. Mau yg mangk‚Ä¶;0,0
"RT @jokowi: Di Sumbawa saya saksikan bantuan pemerintah untuk korban gempa sudah gampang ""diuangkan. Jangan"" lupa yang rusak di NTB ini t‚Ä¶;1",1
siraja hutang dan siraja janji  hahaaa lengkap sudah derita republik ini dibawah pimpinan anda @jokowi cukuplah sam‚Ä¶ https://t.co/MZLz1xF2Zn;0,0
RT @dr_gundi: Gw nyerah sm org ini..urusan 4 9 T dan nasib jutaan rakyat Indonesia masa ga boleh sampai ke presidenüò•üò• https://t.co/AH3nyGPR‚Ä¶;0,0
Berkat jokowi saya ini bisa lulus dari pendaftaran CPNS tinggal tungguin ujian nya;1,1
RT @SutanRiska: Kegembiraan Ribuan warga Dharmasraya menyambut kedatangan Presiden @jokowi di Ranah Minang beberapa waktu lalu. Alhamdulill‚Ä¶;1,1
RT @monot0ne: Layanan kesehatan kepada tenaga kerja buruk diakibatkan pembayaran BPJS ke Rumah Sakit menunggak trilyunan. Padahal iuran BP‚Ä¶;0,0
"RT @AdityaWisnu: Jokowi itu manager. Do the things right melakukan sesuatu yang ""benar. Prabowo"" itu leader. Do the right things melakukan‚Ä¶;0",0
Timses Jokowi petakan pemilih luar negeri kubu Prabowo pilih fokus dalam negeri https://t.co/KoyjRocQ9t;1,1
"RT @TetapPatriot: Pasangan Jokowi - makruf amin semakin Rentan pada 2019 jika tak merubah strategi kebijakan ""ekonominya.. Indonesia‚Äôs"" Pres‚Ä¶ Masoox Pak Eko ""...üòé;1",1
"#TetapIndonesia"" #JokowiLagi "";1",1
"#JokowiAmin"" ""#jokowimarufamin;1",1
"RT @ekowBoy: Sukarno: usir penjajah "" Suharto:"" tumpas ""PKI Habibie:"" tundukan ""dolar Gus"" Dur: pejuang ""pluralisme Megawati:"" jual Indosat "" SBY:"" p‚Ä¶;0",0
" @Projoinsyaf @TetapPatriot @RamliRizal @jokowi Pertanyaan macam apa itu? Jadi cebong dulu baru di ""dengerin? Ya"" sama‚Ä¶ https://t.co/D9hAa7xvJq",0
"RT @irwank2k2: @RelawanProSandi Anti Korupsi nya ""OMDO. https://t.co/p2g1GLr60N TemansÖ Kami"" ikut sedih! Ternyata tak lebih baik dari era‚Ä¶;0",0
 @MardaniAliSera Sayangnya mas egi pro jokowi...wkwkwk;1,1
RT @radar_malang: Serahkan Bantuan Dana Gempa Jokowi Saksikan Pencairannya https://t.co/1dhsiuDtbI https://t.co/oNvI8qbpfW;1,1
RT @radar_malang: ?Pasang Iklan di Media Cetak Jokowi-Ma‚Äôruf Diduga Langgar Kampanye | https://t.co/mFSr8zEILS https://t.co/gh5bmF7dDq;0,0
RT @INTANyk94: Wow  sebentar lagi 13 ruas jalan tol di operasikan. Enak banget nih mudik lancar dan asiiik. Terimakasih kasih pemerintah pa‚Ä¶;1,1
 @null Jokowi reviews construction of quake-resistant houses in W Sumbawa  https://t.co/JaTORyRhYz;1,1
"RT @TirtoID: Presiden Jokowi mengatakan urusan utang rumah sakit adalah urusan Dirut BPJS dan tidak perlu sampai ke presiden. "" Padahal"" je‚Ä¶;0",0
"RT @ASapardan: ""Twips Membangun"" Indonesia yg merata dari kota hingga pelosok ""desa Bukan"" soal murah atau ""mahalnya Tapi"" ini soal Keadilan So‚Ä¶ Jelas jadi Pak Jokowi sekali lagi wkwk;1",1
"RT @kokokdirgantoro: Jokowi periksa got ~&gt; ""pencitraan Jokowi"" periksa irigasi ~&gt; ""pencitraan Jokowi"" bincang dgn petani ~&gt; ""pencitraan. Sandi‚Ä¶"";0",0
RT @Fahrihamzah: Ini logika yg merusak pak @jokowi karena nyalahin @sandiuno padahal maksudnya nenbak gubernur DKI sebelumnya kan?  Waspada‚Ä¶;0,0
RT @stevanihuangg: Pak jokowi walau saya sering mengkritik bapak dan 2019 tidak mendukung bapak jadi presiden tpi saya masih menghormati b‚Ä¶;0,0
"RT @jokowi: Kembali menuju NTB untuk meninjau proses rehabilitasi dan rekonstruksi pasca gempa di Lombok dan ""sekitarnya. Saya"" hendak memas‚Ä¶;1",1
RT @Dahnilanzar: Pak @jokowi BPJS itu langsung bertanggungjawab kepada Presiden lho.;0,0
"RT @ASapardan: ""Twips Hanya"" dijaman presiden ""@jokowi Anak"""""" bisa begitu dekat dengan ""Bapaknya. Segala"" persoalan dan keluh kesah anaknya bisa‚Ä¶;1",1
RT @newsjundi: Doa Habib Rizieq Syihab bersama umat islam saat di dzolimi oleh rezim @jokowi di aksi 411 depan istana negara...mari kita Aa‚Ä¶0,0
 @RadioElshinta @koerz04 ü§£ü§£ü§£ü§£takebeer takebeer takebeer  jkt jgn bilang azab atau salahin jokowi ya. Kalau perlu 5 p‚Ä¶ https://t.co/XDFqVxarcF;1,1
"RT @jokowi: Saya menyampaikan selamat kepada sahabat saya Bapak Prabowo Subianto yang merayakan ulang tahun yang ke-67 pada hari ""ini. Ter‚Ä¶"";1",1
 @AchmadF71862848 @ronavioleta @rahmatismaya @jokowi Bat his minister sei sorry sir  its inaf wan piriod üòÇ, 
"RT @syharilaaa: Mimpi Apa Ya Gua Hari ""Ini..üòÑüòÑüòÑüòÑüòÑüòÑ", 
"Ala"" Lu @fadlizon akui aja Kalau Pak Jokowi Itu Hebat Bukti nya Lu Foto bareng sama Ibu Ne‚Ä¶;1",1
RT @Dahnilanzar: Pak @jokowi BPJS itu langsung bertanggungjawab kepada Presiden lho.;0,0
 @mbaputi_11 @gufronsyahbana @fauzi_gunawaan @EllaHerliani @Dahnilanzar @jokowi Jadi anak PKI bukan berarti PKI itu‚Ä¶ https://t.co/ZUyrq3AtPc;1,1
RT @warta_politik: Sibuk Bahas Jilbab Neneng Detikcom DISIKAT Warganet: Niat Banget Busukin Islam. Kok Gak Bahas Bahwa Dia Timses Jokowi?‚Ä¶;0,0
"RT @TirtoID: Presiden Jokowi mengatakan urusan utang rumah sakit adalah urusan Dirut BPJS dan tidak perlu sampai ke presiden. "" Padahal"" je‚Ä¶;0",0
RT @fadlizon: Urusan bagi kaos bagi sepeda bagi sertifikat bagi sembako aja Presiden masak urusan @BPJSKesehatanRI bukan urusan Preside‚Ä¶;0,0
@frendywayne_ @jokowi Wkwkkwkwkw, 
"RT @fansrakyat: Jangankan harga minyak dunia harga minyak urut pun kl rakyat teriak minta diturunkan pak @jokowi turunin. ""üòÅ @JKFC23456789‚Ä¶"";0",0
@harihariono1 @Next_J2P @BHD_58 @Iceu_suryani @pejuangind02 @hendraIG @fariz1234 @BANGJAR14680450 @herikus70‚Ä¶ https://t.co/CIoSDbU8Hk, 
RT @jansen_jsp: Kebangetan memang Menkes &amp; Dirut BPJS. Orang lagi senang¬≤nya nonton Avengers  Game of Thrones dan menikmati pujian IMF  mal‚Ä¶;0,0
RT @erwinsudarman: Kala BPJS defisit menteri apa yg harus tanggung jawab? Ngga ada..  BPJS langsung di bawah Presiden. Kenapa Presiden @jo‚Ä¶;0,0
" @detikcom ""‚úçÔ∏è #Memprihatinkan"" "" Budaya"" bangsa sendiri ""di_injak¬≤ yg"" kmd mereka lbh suka ""adopsi budaya"" ke_arab¬≤an  la‚Ä¶ https://t.co/gIe0pIOThX", 
"RT @KontraS: Yok bisa yok! Siaran Pers Peluncuran Laporan Evaluasi 4 Tahun Pemerintahan @jokowi-JK di sektor HAM oleh KontraS. Jumat, 19 Ok‚Ä¶;1",1
"RT @Ferdinand_Haean: Mestinya urusan bagi2 Sertifikat itu juga cukup dilakukan kepala BPN setempat, ngga perlu presiden yg lakukan, kebange‚Ä¶;0",0
RT @Fahrihamzah: Pernyataan pak @jokowi itu isyaratkan beliau tidak dapat masukan yang benar. Dan kayaknya memang salah paham. Fatal sekali‚Ä¶;0,0
suka ga sadar kalo banyak utang nih jokowiüòÇ;0,0
 @fansrakyat @jokowi @JKFC23456789 @SantriKyaiMaruf @Willseind HahahaüòÖüòÖüòÖ, 
"RT @MochatmaW: metro tv mengangkat editorial """"""menagih"" janji kampanye ""Anis"""" baru 1 tahun sdh ditagih pdhal grup metro itu dipastikan tdk me‚Ä¶;0
",0
"RT @AdityaWisnu: Jokowi itu manager. Do the things right, melakukan sesuatu yang benar. Prabowo"" itu leader. Do the right things  melakukan‚Ä¶;0",0
RT @warta_politik: Tak Pernah Raih Kemenangan di Era Jokowi-Ahok Kini di Bawah Kepemimpinan Anies Baswedan Jakarta Kembali Raih Juara Umu‚Ä¶;0,0
 @setkabgoid @jokowi Semoga sukses lancar;1,1
cek -&gt; Gara-gara Iklan Videotron  Jokowi-Amin 'Dikejar' Syahroni Sidang dugaan pelangga  https://t.co/iiNZq3smJ5;0,0
RT @as_soetand: Pak @jokowi besuk jadi shalat jumat di masjid agung Jawa Tengah apa ndak ya?, 
@msfahrochi Bukan pak jokowinya kak hahahaha itu suami pasien bumil yg aku data utk menghadiri acaranya pak jokowi, 
RT @Jakmania147: @richardachmad @DadakanCrew28 @jokowi @Ahok @djarotsaifulh @aniesbaswedan @sandiuno @KSPgoid @KemensetnegRI @setkabgoid @K‚Ä¶, 
@marierteman @fadlizon @jokowi @BNPB_Indonesia @BANKBRI_ID @KemenPU @PolhukamRI @DPR_RI @DPDRI @Puspen_TNI Ha...ha.‚Ä¶ https://t.co/36ByENTLyl, 
 @jokowi di kampung saya dari jaman pak sby sampe bapak jokowi yg adalah bapak infrastruktur..jalanan masih tetap ru‚Ä¶ https://t.co/90fMP4t1qt;0,0
"RT @PollingLagi: Jokowi Presiden Sukses atau Gagal Menurut Anda ? "" Sukses"" ( Like ) "" Gagal"" ( Retweet )", 
"RT @Abiny4haykal: Seterah Mbak Schully aje ""deh...", 
"SM"" : Jangan Pake dua..bilang jgn pake ""dua.. LB"" : Not two..not two..we have be carefu‚Ä¶;0",0
RT @Fahrihamzah: Pak Jokowi BPJS Kesehatan adalah program strategis nasional yang oleh bapak disebut dengan Jaminan Kesehatan Nasional-Kar‚Ä¶;0,0
RT @Fahrihamzah: Ini logika yg merusak pak @jokowi karena nyalahin @sandiuno padahal maksudnya nenbak gubernur DKI sebelumnya kan?  Waspada‚Ä¶;0,0
 @jokowi Wajah lelahmu tak menyurutkan semangatmu untuk kemajuan bangsa ini. Alhamdulilla #2019TetapJokowi;1,1
Menantu Jokowi Minat Beli Rumah Mewah Laudya Cynthia Bella Datang Dikawal Banyak Pengawal https://t.co/rkAVNG6tFQ, 
"RT @RizmaWidiono: Luhut Minta Pengkritik Jokowi Jangan BERBOHONG. "";1",1
"#2019TetapJokowi"" "";1",1
"#2019JokowiMarufAmin"" ‚òùÔ∏è https://t.co/1mszilFEBg;1",1
RT @Novitha19_: @dpubmckjateng @ganjarpranowo @jokowi @PemkabBoyolali @Info_BinaMarga @KemenPU @dpusdatarujtg @pemkab_boyolali @boyolalia m‚Ä¶, 
#JokowiLagi #bersihmerakyatkerjanyata #Jokowi2periode - RT Jokowi_inside: Penerbitan sertifikat tanah secara masif‚Ä¶ https://t.co/ivAQWsZVHh;1,1
"RT @MbahUyok: Sejak ""menjabat.. Anies:"" satu per satu janji ""dipenuhi. Jokowi:"" satu per satu janji ""diingkari. Pergub"" OK OCE Diteken Anies  Bu‚Ä¶;0",0
Ajak baca buku pak jangan maen gameÖ, 
#JokowiLagi #bersihmerakyatkerjanyata #Jokowi2periode - RT jokowi: Di Sumbawa saya saksikan  bantuan pemerintah un‚Ä¶ https://t.co/ATZfzzbjaH;1,1
"RT @RadPlague: Kalau pendukung Jokowi kritis kenapa kasus seperti ini tidak diangkat? Kenapa malah membahas tingkah bodoh ""Sandi? Kasus"" yang‚Ä¶;0",0
"RT @JayaSatrianie: Natalius Pigai "" "" Tidak ada Pembukaan ruas jalan baru yg dibangun oleh presiden jokowi ""Tukimin"" dipercaya dongo lu ! üòë‚Ä¶ ;0",0
"RT @Ghoz4ly: Ijin Bertanya Pak/Bu "" Harus"" Berapa Kali Pelanggaran yg dilakukan oleh Pasangan Capres &amp; Cawapres baru bisa di Diskualifikasi‚Ä¶", 
"RT @IreneViena: Kurang satu ""opsi: Hancuuur"" sekaleeee hehe https://t.co/mDMB0uAwQi", 
RT @RachlanNashidik: Yakin Jokowi kalah. https://t.co/fqL36NOpY5;0,0
@AksiKamisan @elisa_jkt @jokowi Tau ah geyyyyaapppp https://t.co/o9ZMg0Fygw,0
"RT @RizmaWidiono: Luhut Minta Pengkritik Jokowi Jangan BERBOHONG. "";1",1
"#2019TetapJokowi"" "";1",1
"#2019JokowiMarufAmin"" ‚òùÔ∏è https://t.co/1mszilFEBg;1",1
RT @IreneViena: Jika saya dapat membuktikan keputusan pemerintah terkait takeover saham mayority freeport yg dilakukan sekarang adalah tind‚Ä¶;1,1
RT @Dennysiregar7: Pagi pakde @jokowi. Pasti engkau sedang bersiap pagi ini. Berangkat bertemu rakyat lagi. Kadang sehari ada di 2 provins‚Ä¶;1,1
RT @RestyCayah: Nah loh . @jokowi dan antek2nya  kecyduk BOHONG lagi https://t.co/wsHkR2OY3G;0,0
RT @ronavioleta: soalnya prabowo tahu diri kalo agama dan bacaannya Ga bagus. Apalagi utk jadi Imam sholat ada syarat2nya dlm Islam. Beda s‚Ä¶;1,1
"RT @marierteman: waktu RS ngaku ""bohong..... pak"" @prabowo dibilang gak becus ngurus ""timnya lalu"" ketika timsesnya jkw utk yg kesekian kalin‚Ä¶;0",0
RT @putrabanten80: Untuk kesekian kali nya jubir-jubir jokowi di buat tak berkutik dan menahan rasa malu dan Aktor Protagonis yg melakukan‚Ä¶;0,0
RT @Dahnilanzar: Pak @jokowi BPJS itu langsung bertanggungjawab kepada Presiden lho.;0,0
Legislator: Komitmen Jokowi Soal Bantuan Gempa Sudah Jelas https://t.co/WVrlZiOGej;1,1
"Lewat Dana Desa  Jokowi Dinilai Sukses Bangun ""Pedesaan;1",1
#JokowiLagi;1,1
"#2019TetapJokowi"" "";1",1
#2019JokowiAmin;1,1
RT @dr_gundi: Mau lihat bukti rusaknya kondisi sosial politik kita saat ini akibat sengitnya perkelahian 2 kubu?Lihat aja ini SMI yg slm in‚Ä¶, 
RT @dr_gundi: Ya Allah pak @jokowi 4 9 T itu buat 203 juta peserta bpjs kesehatan bapak koq heran  itu artinya masing2 cm dpt 24 rban rupia‚Ä¶;0,0
"RT @ASapardan: ""Twips Hanya"" dijaman presiden ""@jokowi Anak"""""" bisa begitu dekat dengan ""Bapaknya. Segala"" persoalan dan keluh kesah anaknya bisa‚Ä¶;1",1
"RT @SarishaBening: Penyerahan Sertifikat Hak atas Tanah di ""Jakarta..! Hanya"" terjadi di era Pak Jokowi bagi2 sertifikat  terima kasih pak @j‚Ä¶;1",1
 @TirtoID Saya Jokower tapi mengkritik keras soal ini. @BPJSKesehatanRI dibentuk utk MELAYANI rakyat  bukan buat car‚Ä¶ https://t.co/VG6YDxbMNu;0,0
"Siapa jokowi pun Cawapres intinya Jokowi harus 2 periode. "";1",1
#2019jokowilanjut;1,1
"#2019TetapJokowi"" @jokowi‚Ä¶ https://t.co/IVxi9eDhu1;1",1
4 Tahun Kepemimpinan Jokowi Sejumlah Masalah Ini Jadi Sorotan https://t.co/Rr8iDOdxtE;0,0
