@Biawak_Buas @4Y4NKZ @Official_PAN @prabowo @sandiuno Ya karena rasional mereka masih jalan, makanya seperti itu tindakan mereka;1;
RT @kumparan: Polling kumparan III: Prabowo Unggul Lagi, di Mana Pendukung Jokowi? https://t.co/IH577R1Bd0;1;
"RT @ZUL_Hasan: Selamat Ulang Tahun Pak Prabowo..  Semoga sehat selalu, rezeki bertambah dan hidup senantiasa berkah. ""Amiin";1;
;;
"Tetap"" semangat‚Ä¶";;
"RT @geloraco: Para Habaib Berkumpul Dukung Prabowo-Sandi di Pesantren Tajjul ""Alawiyyin";1;
"https://t.co/HgYbovWejD""";;
RT @sandiuno: Seselesainya agenda di Bandung dan Cianjur, langsung meluncur ke kediaman Pak @prabowo sang birthday boy untuk mengucapkan se‚Ä¶;1;
"RT @RiswanLalu2: Siapa pemimpin yg cocok buat Indonesia ""?";1;
;;
"a."" Prabowo-Sandi ""(PADI)";;
"b."" Jokowi-Maruf ""(KORUF)";;
;;
"Tekan"" (re-tweet) jika pilih (PA‚Ä¶";;
RT @putrabanten80: Biar @ruhutsitompul dengan mimpi &amp;1;
"RT @srikandicyber: Ketiganya adalah orang-orang yang sangat saya ""kagumi.";1;
"Pak"" @prabowo, Bang @aniesbaswedan dan Bang ""@sandiuno..";;
"Ketiganya"" b‚Ä¶";;
"RT @RiswanLalu2: Siapa pemimpin yg cocok buat Indonesia ""?";;
;;
"a."" Prabowo-Sandi ""(PADI)";;
"b."" Jokowi-Maruf ""(KORUF)";;
;;
"Tekan"" (re-tweet) jika pilih (PA‚Ä¶";;
"RT @geloraco: ‚ÄòKompas‚Äô Optimistis Prabowo-Sandi Bisa Pimpin ""Indonesia";1;
"https://t.co/hok0mA6XR5""";;
"RT @ZUL_Hasan: Selamat Ulang Tahun Pak Prabowo..  Semoga sehat selalu, rezeki bertambah dan hidup senantiasa berkah. ""Amiin";1;
;;
"Tetap"" semangat‚Ä¶";;
"RT @keripikcengek: JEBRET! Metro Tv Bikin Headline """"""MENAGIH"" JANJI ANIES ""SANDI"""""" Suryo Prabowo: Kapan Metro Tagih Janji ""Jokowi!?";1;
;;
"wkwkwk"" duh.‚Ä¶";;
Anak Buah Prabowo Prihatin Jurkam Jokowi Terima Suap https://t.co/hXvf1T5mhh;;
RT @PEPESOfficial: Alhamdulillah PEPES sdh hadir dan berkolaborasi dengan relawan #PrabowoSandi yang lain di ujung banten sana, tepatnya di‚Ä¶;1;
"RT @TheCebongers: Prawobo sentil Jokowi ""Ugal2an.";1;
"Lalu"" Bung Adian membalas bukan sentilan, tapi pukulan telak ke ""Prabowo!";0;
"Pemerintahan"" yg ug‚Ä¶";;
"RT @arch_v3nture: #JajakPendapat  "":";;
"Yang"" paling pantas dan layak jadi Presiden RI ""2019";;
"@jokowi""   üëâ ""Like";;
"@prabowo""   üëâ ReTweet https://t.co/I‚Ä¶";;
RT @Lustrilanang: Target minimal #roemahdjoeangprabowosandi (RDPS) adalah bertempur di 10 persen dari jumlah TPS yg ada. Itu artinya RDPS h‚Ä¶;;
@maspiyuuu @prabowo Bukan rasa2 nya...emang bakal jadi presidenüòÅ;1;
"RT @RajaPurwa: [Part 3 ""@Gamal_Albinsaid]";;
"Pendapat"" komentator yang lain : ini obrolan yang berkualitas, sangat jarang ""terjadi";;
;;
"@karniilyas"" @‚Ä¶";;
"RT @aniesbaswedan: Tadi mampir ke rumah Pak Prabowo. Di hari ulang tahun ke-67 ini..... teriring ucapan selamat dan ""doa....";;
;;
"Semoga"" kesehat‚Ä¶";;
"RT @ddherih: """"""Beliau"" benar-benar dari bawah. Bisa dipercaya oleh rakyat yang memang memikirkan rakyat menjadi pimpinan negara ""ini,"""""" jelas E‚Ä¶";1;
RT @BangkuTamanBlog: Setelah unggul di Polling 1 &amp;" 2, Pasangan Prabowo - Sandi kembali unggul di Polling ke-3 """;
"@kumparan""  . Bahkan angka el‚Ä¶";;
"kenapa kalau cinta nggak dari dulu kepilih pilih jasi waprea atau presidwn.  Cinta semu kali ya ""?";;
"Ah"" sudahlah....";0;
"RT @ASapardan: ""Sobat";;
"Tumben"" amat si Somad berani serang junjungan yg lagi Ngehoax ""berjamaah.";0;
;;
"Amien"" Rais, Prabowo ""dkk";;
"Lihat"" tuh Somad lagi‚Ä¶";;
"RT @Aryprasetyo85: Sekjen PAN Akui Sejumlah Calegnya Menolak Kampanyekan ""Prabowo-Sandi";0;
;;
"Mereka"" menolak ikut mensosialisasikan Prabowo-Sandi‚Ä¶";;
RT @Lustrilanang: Target minimal #roemahdjoeangprabowosandi (RDPS) adalah bertempur di 10 persen dari jumlah TPS yg ada. Itu artinya RDPS h‚Ä¶;;
"RT @Ghoz4ly: Polling @kumparan III: @prabowo Unggul Lagi, di Mana Pendukung @jokowi ""?";1;
;;
"Prabowo-Sandi""  : ""62.3%";;
;;
"Jokowi-Ma‚Äôruf""  : ""37.7%";;
;;
"Jang‚Ä¶""";;
"RT @arch_v3nture: RT @RelawanPRIDE """;;
"Sekali"" lagi Selamat Ulang Tahun Bapak ""@prabowo";1;
;;
#HBDprabowo08;;
#Milad67Prabowo;;
#2019GantiPresiden;;
"#2019P‚Ä¶""";;
RT @tempodotco: Prabowo: Perlahan-lahan mimpi untuk mengembalikan kejayaan Indonesia luntur oleh cara ugal-ugalan dalam mengelola Negara ht‚Ä¶;1;
"RT @marierteman: waktu RS ngaku ""bohong.....";;
"pak"" @prabowo dibilang gak becus ngurus ""timnya,";1;
;;
"lalu"" ketika timsesnya jkw utk yg kesekian kalin‚Ä¶";;
RT @kancilbertanduk: lagi ketagihan nyebarin narasi nih, yang sekiranya dapat membuka mata  kalian-kalian yang masih percaya sama capres no‚Ä¶;0;
"RT @RachlanNashidik: """"""Not"" two. Two is Prabowo. One is ""Jokowi""""."" """;0;
;;
"Pantaskah"" berkampanye politik dalam acara yang dibiayai APBN? Sri Mulyani?‚Ä¶";;
RT @AsFairus: Pak @prabowo itu keluarga pahlawan,musuhnya mencitrakannya pecundang.Dia tentara merah putih,musuhnya mencitrakannya radikal‚Ä¶;1;
@prabowo @fadlizon @Mbah_lemper @AfifFuadS @bagas_sbazz @schz1575 @iBon_65 @ASapardan @gajahpolkadot @5Y5_one_70;;
@albertpanjaitn @IreneViena Pak @prabowo mohon dibaca, secara gak lsg dia sudah menyentil, padahal dia pendukung ba‚Ä¶ https://t.co/5sG3Qs0gym;;
RT @iskandarfauzi16: Ternyata bukan rakyat indonesia saja yg menginginkan kan 2019 prabowo menjadi presiden, kebanyakan rakyat asing pun ma‚Ä¶;1;
"RT @Aryprasetyo85: Sekjen PAN Akui Sejumlah Calegnya Menolak Kampanyekan ""Prabowo-Sandi";0;
;;
"Mereka"" menolak ikut mensosialisasikan Prabowo-Sandi‚Ä¶";;
@sandiuno @prabowo Bila terpilih siap gak perusahaannya gak cawe2 proyek pemerintah;;
Kalau anak pramuka itu perlu diuaut karena Pro Prabowo, maka anak sekolah ini juga perlu diusut karena Pro Jokowi.‚Ä¶ https://t.co/oAVD3dTrzG;;
RT @maspiyuuu: Rasa2nya @prabowo bakal jadi Presiden RI 2019;1;
"@kompascom Sangat realistis. Bagi partai politik yg terpenting adalah dapat kursi ""parlemen.";;
;;
"Saat"" ini sepertinya yg‚Ä¶ https://t.co/6oSGZzyJwP";;
RT @ronavioleta: soalnya prabowo tahu diri kalo agama dan bacaannya Ga bagus. Apalagi utk jadi Imam sholat ada syarat2nya dlm Islam. Beda s‚Ä¶;;
"@kangdede78 @prabowo Lagi cari AGen Poker Online yang terpercaya dan terbukti gampang menang ""?";1;
;;
"Daftar"" Aja di WWW.E‚Ä¶ https://t.co/ghDBqheAns";;
RT @Lustrilanang: Target minimal #roemahdjoeangprabowosandi (RDPS) adalah bertempur di 10 persen dari jumlah TPS yg ada. Itu artinya RDPS h‚Ä¶;;
RT @rajawaliNKRI: Halo @Kemendagri_RI kok bs 31jt Data Baru 'dimasukkan' ke KPU&amp;"ga bs dibuka KPU dgn alasan """"""kerahasiaan""""?";
"Mo"" curangi DPT?‚Ä¶";;
RT @joenaidy76: Video: Bikin Haru Warga Kampung Akuarium Ucapkan Ulang Tahun ke Prabowo https://t.co/KpAf0whYJe https://t.co/QyBZmFpbLg;1;
"RT @geloraco: Koalisi Prabowo Curiga Kemendagri 'Selundupkan' 31 Juta Data dalam ""DPT";1;
"https://t.co/3smmhdihN3""";;
"RT @marierteman: gegara peluru nyasar, "".....";;
"saya"" baru tau kalau anggota @DPR_RI itu bukan cuma bung @fadlizon dan @Fahrihamzah """;1;
;;
"yg"" lain m‚Ä¶";;
RT @Gerindra: Heboh Giliran Purnawirawan Polri Bentuk GERRAM Dukung Prabowo-Sandi https://t.co/MfG3RoYgUF;1;
"RT @ArraMilenia: Semoga Karya kami yg tak seberapa ""ini";;
"Menjadi"" berkah dan barokah, ""aamiin";1;
;;
"Bantu"" RT, Share, subscribe &amp";" ""Like";
;;
"Link"" Video :‚Ä¶";;
"RT @jokowi: Saya menyampaikan selamat kepada sahabat saya Bapak Prabowo Subianto, yang merayakan ulang tahun yang ke-67 pada hari ""ini.";1;
;;
"Ter‚Ä¶""";;
"RT @jokowi: Saya menyampaikan selamat kepada sahabat saya Bapak Prabowo Subianto, yang merayakan ulang tahun yang ke-67 pada hari ""ini.";1;
;;
"Ter‚Ä¶""";;
"RT @HukumDan: Isu ini selalu di mainkan oleh LBP """;;
"Luhut"" B Panjaitan "":";;
"‚ÄúKita"" harus membangun ketakutan di kalangan etnis tionghoa, menyebark‚Ä¶";;
Berarti @KPK_RI Di tekan penguasa zalim saat ini dong yak, kemaren2 mingkem g berani krna penguasa beringas klo mau‚Ä¶ https://t.co/Ownepa6NG4;;
@hailthedon @swulll @PEPESOfficial @sandiuno @prabowo @Dahnilanzar Allahu Akbar, Alhamdulillah....saran saya diteri‚Ä¶ https://t.co/KL1Bv3vmY9;;
Juosss;;
"RT @Dody_Lukas___: üòéüëâ Pensiunan Polri Ikuti Jejak 300 Jenderal Dukung ""@Prabowo";;
"tim,"" CNN Indonesia | Rabu, 17/10/2018 18:07 ""WIB";1;
;;
"#2019GantiP‚Ä¶""";;
"RT @UtuhWibowo: Ssstt.. Ssstt.. HATTRICK! ""üòÖ";0;
;;
"RS"" dipecat dari Timses Prabowo Sandi, negara tidak ada kerugian, digoreng terus ""menerus.";1;
;;
"ST,‚Ä¶""";;
"RT @TheCebongers: Prawobo sentil Jokowi ""Ugal2an.";;
"Lalu"" Bung Adian membalas bukan sentilan, tapi pukulan telak ke ""Prabowo!";;
"Pemerintahan"" yg ug‚Ä¶";;
Aamiin Allahumma Aamiin...;0;
"RT @RiswanLalu2: Siapa pemimpin yg cocok buat Indonesia ""?";;
;;
"a."" Prabowo-Sandi ""(PADI)";;
"b."" Jokowi-Maruf ""(KORUF)";;
;;
"Tekan"" (re-tweet) jika pilih (PA‚Ä¶";;
RT @Dennysiregar7: Pagi, pakde @jokowi. Pasti engkau sedang bersiap pagi ini. Berangkat bertemu rakyat lagi. Kadang sehari ada di 2 provins‚Ä¶;1;
"RT @SinarNKRI: üë¶ neng, kmu klo cari swami, pilih yg kayak Jokowi apa ""Prabowo?";;
"üëß"" Prabowo dong ""bang...";;
"üë¶"" Karna lebih ""gagah?";;
"üëß"" Bukan. Karna ga‚Ä¶";1;
"RT @kompascom: """"""Kalau"" kita sekarang keluar teriak-teriak Pak Prabowo, yang dapat angin positifnya Gerindra, bukan ""PAN,"""""" kata Eddy https://t‚Ä¶";;
RT @Lustrilanang: Target minimal #roemahdjoeangprabowosandi (RDPS) adalah bertempur di 10 persen dari jumlah TPS yg ada. Itu artinya RDPS h‚Ä¶;1;
RT @sandiuno: Saya dan Pak @prabowo akan prioritaskan kepentingan rakyat Indonesia, warga negara Indonesia, dan berjuang membela UMKM, sehi‚Ä¶;;
@Mas_AWS @prabowo @SBYudhoyono Aamiin ya Rabb,  Allahumma yarham wa yagfir lahu;;
@Fahrihamzah @prabowo Ustad toh?;1;
"RT @MasPresidenBaru: Kita, umat Islam, bukanlah pendukung/pecinta buta atau kaum yg taqlid buta seperti Bani Cebi kpd ""junjungannya..";1;
;;
"Pesan‚Ä¶""";;
"nah, ayo ""dong.";;
"kalo"" golput nyampe 40%+ kan gak perlu pake nunggu 2030 segala tuh. hm???";;
"RT @muannas_alaidid: Ngeri! PSI Sekarang Jadi ‚ÄòMesin Pembantai‚Äô Tim Prabowo Sandi.@psi_id """;1;
"https://t.co/87kvSGxthD""";;
RT @Mario_Wina: Prabowo adalah Keturunan orang Yang Membasmi/Membantai Pangeran Diponegoro.Jangan Mau DiKibulin Kampret2 Katanya prabowo Tu‚Ä¶;0;
RT @putrabanten80: Koordinator Prabowo-Sandi Digital Team @thonyleong : 10 bulan pencapaian @sandiuno sudah banyak bukti nyata yg langsung‚Ä¶;0;
RT @putrabanten80: Biar @ruhutsitompul dengan mimpi &amp;0;
"RT @agungwirawan100: Brarti tim pemenangannya Prabowo-Sandi itu fiksi ya ""?üòÇüòÇüòÇ";0;
;;
"Pak"" Dahnil belum pernah ketemu bahkan tidak kenal secara pr‚Ä¶";;
RT @TPK_RI: Mulai Pekan Depan, SBY dan AHY Keliling Kampanye Untuk Kemenangan Prabowo-Sandi https://t.co/U5vM5CfX5A;1;
"RT @RajaPurwa: [Part 3 ""@Gamal_Albinsaid]";;
"Pendapat"" komentator yang lain : ini obrolan yang berkualitas, sangat jarang ""terjadi";1;
;;
"@karniilyas"" @‚Ä¶";;
"@ndoro__Putri @prabowo @sandiuno Izin follow ukht...ditunggu ""folbeknya..üòçüòç";;
"Dijamin"" akun ana tdk mengandung minyak b‚Ä¶ https://t.co/YRiGdv9xSh";;
"RT @geloraco: Para Habaib Berkumpul Dukung Prabowo-Sandi di Pesantren Tajjul ""Alawiyyin";;
"https://t.co/HgYbovWejD""";;
@urip_wibowo77 @hailthedon @PEPESOfficial @sandiuno @prabowo @Dahnilanzar Insyaallh pak, mksh banyak;1;
"RT @Elsia_CChaidir: Ini seperti kulwit @PartaiSocmed. """;;
"Dengan"" ada satu kader sbg Cawapres akan andil mengangkat suara partai dlm pemilu. """;;
"S‚Ä¶""";;
"Pilih no ""2";;
"Prabowo"" ""Sandi";;
"#2019GantiPresiden""";1;
"RT @TheCebongers: Adian Napitupulu : Kalau saya seperti Jokowi, saya senang, Jokowi baik, cerdas, pintar, lembut ""hati.";0;
;;
"Dari"" pada bung sepe‚Ä¶";;
"@Midjanla2 @shobirin_banjar @gme_blok @omsis @iwanfals mereka para cebong uda pada bingung polling selalu ""kalah";;
"bua‚Ä¶"" https://t.co/IV0Hy1mS0m";;
RT @maspiyuuu: Rasa2nya @prabowo bakal jadi Presiden RI 2019;;
Prabowo mau naik gunung? Naik kuda saja repotin banyak orang. Prabowo naik gunung Everest? Pakai sepatu saja masih‚Ä¶ https://t.co/KWgHTxItK8;1;
"RT @marierteman: gegara peluru nyasar, "".....";;
"saya"" baru tau kalau anggota @DPR_RI itu bukan cuma bung @fadlizon dan @Fahrihamzah """;1;
;;
"yg"" lain m‚Ä¶";;
RT @TeddyGusnaidi: PKS itu sudah dari awal setengah hati di koalisi Prabowo. Kalau sampai Sandiaga tidak berikan kewenangan penuh kepada PK‚Ä¶;0;
RT @putrabanten80: Biar @ruhutsitompul dengan mimpi &amp; ilusi nya, biarlah jokowi jadi presiden survai tapi yg jadi presiden rakyat itu pak @‚Ä¶;1
RT @Dahnilanzar: BPJS tidak sekedar dimakna seperti asuransi kesehatan, namun sistem jaminan sosial yg holistik akan menjadi perhatian bagi‚Ä¶;;
ngomong apa orang ini?;1;
"RT @jokowi: Saya menyampaikan selamat kepada sahabat saya Bapak Prabowo Subianto, yang merayakan ulang tahun yang ke-67 pada hari ""ini.";1;
;;
"Ter‚Ä¶""";;
@Makdetektif @bulk_sukabawang @AyahAis4 @arch_v3nture @tha_rhi @KangEmeel @CintaNKRI12 @Senyap17 @Candraasmara85‚Ä¶ https://t.co/h0PagsiJyf;;
"RT @helmifelis: Pertanyaan @Dahnilanzar ke ""@prabowo";;
"Apa"" rasanya jd 67, udah tua/masi ""muda?";1;
;;
"Prabowo"" jwb : """"""Jiwa"" masih muda, tp kadang sakit‚Ä¶";;
"RT @kangdede78: Kado Istimewa ultah ke-67 Capres @prabowo """;1;
;;
"Beberapa"" kader/Caleg PAN memilih #JokowiLagi """;;
;;
"Sekjen"" PAN Akui Sejumlah Calegny‚Ä¶";;
"RT @marierteman: gegara peluru nyasar, "".....";;
"saya"" baru tau kalau anggota @DPR_RI itu bukan cuma bung @fadlizon dan @Fahrihamzah """;1;
;;
"yg"" lain m‚Ä¶";;
"RT @nazza_mahadagda: Terlalu lugu untuk di ""dustakan..!!!";;
"Para"" pembohong di beri wewenang ""...!!!";;
"Salah"" apa anak bangsa ini ""..!!";;
"Sehingga"" par‚Ä¶";;
Benar apa yang dikatakan Bung Adian Napitupulu, Kubu Prabowo Subianto-Sandiaga Uno Terbiasa Menyebarkan Kebohongan/‚Ä¶ https://t.co/CMs9NFnVeo;0;
RT @katerinaKwari: @syalunna @Blackbeard008 @Je_Latah @trahlendir @jonathan_erwan @chicohakim @Dasmev2019 @masjoko_ind @masgag4h @nyenyengg‚Ä¶;;
RT @SammiSoh: Pertama di sejarah, partai koalisi terang2an bilang gak bisa dukung capres terpilih koalisi, malah mau dukung capres seberang‚Ä¶;0;
RT @syalunna: @Blackbeard008 @Je_Latah @trahlendir @jonathan_erwan @katerinaKwari @chicohakim @Dasmev2019 @masjoko_ind @masgag4h @nyenyengg‚Ä¶;;
RT @CakKhum: Setiap kali di tanyakan, investasi enggak bisa, ini enggak bisa, apa Pak Prabowo bisa, setiap kali di tanyakan apa Pak Prabowo‚Ä¶;0;
"RT @Aryprasetyo85: Sekjen PAN Akui Sejumlah Calegnya Menolak Kampanyekan ""Prabowo-Sandi";0;
;;
"Mereka"" menolak ikut mensosialisasikan Prabowo-Sandi‚Ä¶";;
"RT @eliya_mkom: aku mau kultuit tentang peta pertarungan Pemilu Presiden dan Pemilu Legislatif ""2019,";0;
;;
"sebelum"" itu aku mau polling dulu, men‚Ä¶";;
"RT @AdityaWisnu: Jokowi itu manager. Do the things right, melakukan sesuatu yang ""benar.";;
"Prabowo"" itu leader. Do the right things, melakukan‚Ä¶";1;
RT @hazpohan: Integritas pejabat tinggi sering bermasalah dinegeri ini.. https://t.co/PcojnmbLYh;;
RT @ronavioleta: soalnya prabowo tahu diri kalo agama dan bacaannya Ga bagus. Apalagi utk jadi Imam sholat ada syarat2nya dlm Islam. Beda s‚Ä¶;1;
@RCyberProjo @handoko2411 @projopusat @budimuni98 @basuki_btp @GeneralMoeldoko @prabowo @kangdede78 @nengherba‚Ä¶ https://t.co/MurRomkluR;;
"RT @shadaqti: Bismillah.. """;1;
;;
"Hai"" polling ya tweeps.. """;;
;;
"Siapa"" yang akan kalian percayakan suara anda untuk kabaikan negeri ini di pilpres 201‚Ä¶";;
"RT @TheCebongers: Prawobo sentil Jokowi ""Ugal2an.";;
"Lalu"" Bung Adian membalas bukan sentilan, tapi pukulan telak ke ""Prabowo!";;
"Pemerintahan"" yg ug‚Ä¶";0;
"RT @PollingLagi: Kira-kira kalau Prabowo vs Jokowi lomba pacuan kuda siapa yang menang ya ü§£ ? """;;
;;
"01."" Jokowi ( Like "")";;
"02."" Prabowo ( Retweet )‚Ä¶";;
RT @prabowo: Semoga bisa berbuat semakin banyak untuk bangsa dan negara, berjuang bersama generasi muda dan para senior untuk mewujudkan In‚Ä¶;1;
"RT @Yenisugiarto121: Barakallah Fii Umrik pak @prabowo """;;
"Semoga"" Allah selalu menjaga dan melindungi ""mu";;
"Semoga"" terwujud semua cita2mu dan har‚Ä¶";;
"Langkah PBB fokus di pileg 2019, ternyata diikuti yg ""lain.";;
"@PBB2019"" ""@Yusrilihza_Mhd";;
"@fathonianton01"" @LellyKustiandi‚Ä¶ https://t.co/Yg1BO5pY0s";1;
"RT @mpuanon: ""#KataPrabowo:";;
;;
"@Prabowo"" siap menjadi alat untuk bangsa dan rakyat ""Indonesia.";;
;;
#2019PrabowoPresiden;1;
;;
"Download:"" https://t.co/JSE‚Ä¶";;
RT @kumparan: Polling kumparan III: Prabowo Unggul Lagi, di Mana Pendukung Jokowi? https://t.co/IH577R1Bd0;1;
RT @TolakBigotRI: Benar apa yang dikatakan Bung Adian Napitupulu, Kubu Prabowo Subianto-Sandiaga Uno Terbiasa Menyebarkan Kebohongan/Fitnah‚Ä¶;0;
RT @putrabanten80: Biar @ruhutsitompul dengan mimpi &amp;;
"@addiems üòÇüòÇüòÇüòÇüòÇüòÇ ma' ""lebbb!!!";;
"Utk"" yang saya cc kan ini mulai skrng Stop kampanye HOAX...!!! malu sama ""rakyat,";;
"Cc:‚Ä¶"" https://t.co/sd87t6gRKl";1;
"RT @shadaqti: Bismillah.. """;1;
;;
"Hai"" polling ya tweeps.. """;;
;;
"Siapa"" yang akan kalian percayakan suara anda untuk kabaikan negeri ini di pilpres 201‚Ä¶";;
"RT @Ochi_Oc09: Duet Prabowo-Sandi Diprediksi klahkan ""Jokowi-Amin";1;
;;
"Prabowo"" Sandi brpluang kuat mmenangkan Pilpres 2019 dgn raihan suara min‚Ä¶";;
"RT @brandalsantri45: salam ""gerilya!";1;
;;
"ustadz"" Abu Ayyash @Informasi_FPI Kota ""Pekalongan.";;
"bung"" jimmy &amp"; simpul relawan #NelayanPanturaJateng yg‚Ä¶;
RT @AkunTofa: Keren banget. Ini real Emak....bukan  Emak yg cuma ngejar setoran. Tetapi emak berkarya untuk kemenangan PS. https://t.co/Rdz‚Ä¶;1;
"RT @marierteman: gegara peluru nyasar, "".....";;
"saya"" baru tau kalau anggota @DPR_RI itu bukan cuma bung @fadlizon dan @Fahrihamzah """;;
;;
"yg"" lain m‚Ä¶";;
@syalunna @Blackbeard008 @trahlendir @jonathan_erwan @katerinaKwari @chicohakim @Dasmev2019 @masjoko_ind @masgag4h‚Ä¶ https://t.co/o5JAD9GSG3;1;
"RT @TheCebongers: Prawobo sentil Jokowi ""Ugal2an.";;
"Lalu"" Bung Adian membalas bukan sentilan, tapi pukulan telak ke ""Prabowo!";;
"Pemerintahan"" yg ug‚Ä¶";0;
RT @putrabanten80: Koordinator Prabowo-Sandi Digital Team @thonyleong : 10 bulan pencapaian @sandiuno sudah banyak bukti nyata yg langsung‚Ä¶;1;
"RT @ASapardan: ""Sobat";;
"Tumben"" amat si Somad berani serang junjungan yg lagi Ngehoax ""berjamaah.";0;
;;
"Amien"" Rais, Prabowo ""dkk";;
"Lihat"" tuh Somad lagi‚Ä¶";;
RT @TPK_RI: Mulai Pekan Depan, SBY dan AHY Keliling Kampanye Untuk Kemenangan Prabowo-Sandi https://t.co/U5vM5CfX5A;;
@ArraMilenia @Arinimarini3 @prabowo @sandiuno @Gerindra @PKSejahtera @PDemokrat @PartaiPAN @Partaiberkarya Boleh dong di mpol mbek jg..;;
@marierteman @prabowo @jokowi Oom ngga lihat hal terpentingnya, Pak Jokowi ngga membanggakan sampai menyanjung. Dan‚Ä¶ https://t.co/ooDpRFQd9U;1;
RT @sh_busman: Saya sudah katakan bahwa seorang negarawan sekelas Bang YIM Ketum Partai Bulan Bintang tidak usa di ragukan mengenai analisa‚Ä¶;1;
RT @MedanSoepriono: @Dennysiregar7 @jokowi @prabowo Jangan lupa ngopi Pak Jokowi, dan Happy Milad Pak @Prabowo,  Barakalloh Semoga Republik‚Ä¶;1;
RT @el_kaezzar: Pak @prabowo klo selfie jan pili2 dong, kasian loh pak warganya...üòÖüòÖüòÖ Cc: @habibthink @CH_chotimah @permadiaktivis @ronavio‚Ä¶;1;
"RT @Fauzan_Akbari02: PAN ingin Menangkan Pileg, daripada Fokus Dukung Prabowo """;1;
;;
"Partai"" Bulan Bintang lebih dulu fokus dibanding parpol lain‚Ä¶";;
Bismillah.. Insyaallah Prabowo-Sandi menang 2019..üôè;1;
"RT @BangPino_: Badan Pemenangan Nasional Prabowo Sandi menyambangi ""KPU.";1;
;;
"Mereka"" mempertanyakan hsl analisis Daftar Pemilih Tetap (DPT) thdp‚Ä¶";;
"RT @Paltiwest: Saya yakin ini adalah hut yang paling menyedihkan bagi @prabowo """;;
"Karena"" dinodai dengan konpres hoax.. """;0;
"@SinthaS5"" @INTANyk94‚Ä¶";;
@prabowo Aamiin Ya Robbalalamiin üëçüí™ semangat terus Pak..;;
RT @inditaufan: Selama dalam barisan masih terdapat orang yang lebih bagus bacaanya tidak perlu memaksakan diri untuk jadi Imam https://t.c‚Ä¶;1;
RT @Argentiana_: @Andi_ZaKi @prabowo @sandiuno @muaydisco76 @marierteman @ZAEffendy @ferizandra @dimasakbarz @cubby_ghum @ndoro__Putri Siap‚Ä¶;;
RT @demokrasionline: Prabowo: Indonesia Tumbuh Cepat di Masa SBY, Jokowi Ugal-ugalan https://t.co/GsaYzYH7wq;1;
RT @MahesaTiwi: Kalau soal hoax @prabowo jagonyaa ! Tapi jangan ditiru karena serangan hoax memicu kegaduhan, kebencian dan permusuhan @and‚Ä¶;1;
"RT @yusuf_dumdum: Serius gua suka banget gaya om @prabowo. Lihat ada yang bohay langsung """"""disambar"""","" ""ü§£ü§£ü§£";1;
;;
"Jablay"" ya om.. ‚òùÔ∏èü§≠ https://t.co/5‚Ä¶";;
"RT @ArraMilenia: Semoga Karya kami yg tak seberapa ""ini";;
"Menjadi"" berkah dan barokah, ""aamiin";1;
;;
"Bantu"" RT, Share, subscribe &amp";" ""Like";
;;
"Link"" Video :‚Ä¶";;
"PAN Akui Sejumlah Calegnya Tolak Kampanyekan Prabowo """;;
"https://t.co/LeCwHW5QXH""";;
RT @kumparan: Polling kumparan III: Prabowo Unggul Lagi, di Mana Pendukung Jokowi? https://t.co/IH577R1Bd0;;
@sandiuno @prabowo Di Jakarta aja gagal total...mo dpke  bwt nasional... oke-ocE ...cuma Ngibull;1;
"RT @AnthaYudha: Utk kesekian kalinya twit om @TeddyGusnaidi benar lagi! ""|";;
"Sekjen"" PAN Akui Sejumlah Calegnya Menolak Kampanyekan Prabowo-San‚Ä¶";0;
"RT @maspiyuuu: Pesan Prabowo Untuk Anies Fokus Benahi Jakarta, Itu Sudah Bentuk Bantuan, Tidak Usah Jadi ""Timses";1;
;;
"Pak"" @aniesbaswedan fokus‚Ä¶";;
RT @syalunna: @Blackbeard008 @Je_Latah @trahlendir @jonathan_erwan @katerinaKwari @chicohakim @Dasmev2019 @masjoko_ind @masgag4h @nyenyengg‚Ä¶;;
RT @kumparan: Polling kumparan III: Prabowo Unggul Lagi, di Mana Pendukung Jokowi? https://t.co/IH577R1Bd0;1;
"RT @RosyDPS: Waktu HOAX ""Sarumpaet";;
"Pak"" Prabowo di ""sudutkan";;
"Gimana"" urus negara, urus tim ses nya aja ga ""bisa""""....";0;
;;
"Tim"" Ses JKW utk kesekian‚Ä¶";;
"RT @eliya_mkom: aku mau kultuit tentang peta pertarungan Pemilu Presiden dan Pemilu Legislatif ""2019,";0;
;;
"sebelum"" itu aku mau polling dulu, men‚Ä¶";;
"RT @jokowi: Saya menyampaikan selamat kepada sahabat saya Bapak Prabowo Subianto, yang merayakan ulang tahun yang ke-67 pada hari ""ini.";1;
;;
"Ter‚Ä¶""";;
Sandi kangen-kangenan dengan Anies di rumah Prabowo: Gimana enak jomblo? - #PrabowoSandi https://t.co/UQWOS0Fvbz https://t.co/Vw7ak3mhYK;0;
"RT @CH_chotimah: """"""@prabowo"" : Anies-sandi tidak akan ""menggusur""""";1;
;;
"Selama"" pemerintah provinsi DKI Jakarta dipimpin oleh Gubernur Anies Basweda‚Ä¶";;
"@sandiuno @prabowo Umkm pke modal ..paket paket ""an..";;
"Sy"" g punya modal utk ambil paket ""nya";;
"Pdhl"" sy pgn bngt usaha um‚Ä¶ https://t.co/X44QVMkvbC";0;
RT @TolakBigotRI: Benar apa yang dikatakan Bung Adian Napitupulu, Kubu Prabowo Subianto-Sandiaga Uno Terbiasa Menyebarkan Kebohongan/Fitnah‚Ä¶;0;
RT @denzthea5: Kami bergerak dengan kemampuan kami tanpa ada donatur dari partai atw caleg. Ini murni biaya sendiri. Lihat aja jamuannya ha‚Ä¶;1;
Heuheuheu bisa aja deh mbaahhhüòÇ;;
RT @meong699: Setiap kali di tanyakan, investasi enggak bisa, ini enggak bisa, apa Pak Prabowo bisa, setiap kali di tanyakan apa Pak Prabow‚Ä¶;0;
"RT @ZUL_Hasan: Selamat Ulang Tahun Pak Prabowo..  Semoga sehat selalu, rezeki bertambah dan hidup senantiasa berkah. ""Amiin";1;
;;
"Tetap"" semangat‚Ä¶";;
@AndySirajuddin Ketua Umum PPP, Romahurmuziy atau Romy mengklaim banyak pendukung Prabowo-Sandi yang beralih menduk‚Ä¶ https://t.co/PHSbipULux;0;
"RT @AdityaWisnu: Jokowi itu manager. Do the things right, melakukan sesuatu yang ""benar.";;
"Prabowo"" itu leader. Do the right things, melakukan‚Ä¶";1;
"RT @TitiekSoeharto: Gerakan Rabu Biru (GRB) ini semakin ramai... Untuk memperjuangkan masa depan Indonesia yang ""berkemakmuran...";1;
;;
"Hadiri"" GR‚Ä¶";;
RT @Andi_ZaKi: Lagu ini sy dedikasikan ke pak @prabowo &amp;1;
RT @Dahnilanzar: BPJS tidak sekedar dimakna seperti asuransi kesehatan, namun sistem jaminan sosial yg holistik akan menjadi perhatian bagi‚Ä¶;1;
"RT @maspiyuuu: Pesan Prabowo Untuk Anies Fokus Benahi Jakarta, Itu Sudah Bentuk Bantuan, Tidak Usah Jadi ""Timses";1;
;;
"Pak"" @aniesbaswedan fokus‚Ä¶";;
RT @florielicious: Rajin baca, googling. Jgn cuma rajin mabok  lem ! Bukan menculik tetapi mengamankan. Dan yang mengamankan itu bukan pak‚Ä¶;1;
"RT @MasPresidenBaru: Kita, umat Islam, bukanlah pendukung/pecinta buta atau kaum yg taqlid buta seperti Bani Cebi kpd ""junjungannya..";1;
;;
"Pesan‚Ä¶""";;
"RT @HukumDan: Isu ini selalu di mainkan oleh LBP """;;
"Luhut"" B Panjaitan "":";;
"‚ÄúKita"" harus membangun ketakutan di kalangan etnis tionghoa, menyebark‚Ä¶";1;
RT @ardi_riau: Kemerihan dalam memperingati Yaumil MILAD nya pak Prabowo Subianto yang ke 67 tahun di Rumah Pemenangan Relawan Nasional Pra‚Ä¶;1;
"RT @RajaPurwa: Tolong diaminkan! """;;
"Do'a"" Kyai Haji Maimoen Zubair (Mbah Moen) untuk Pak ""@prabowo";;
;1;
"Hadir"" disini setelah menjadi orang yang me‚Ä¶";;
"RT @RajaPurwa: [Part 5 ""@Gamal_Albinsaid]";;
"Just"" as a supporting data ""2";;
;;
"Simak"" @prabowo berbicara mengenai Neo ""Liberalisme";;
;;
"#2019GantiPresiden‚Ä¶""";;
"RT @RadPlague: Memilih Jokowi sebagai pemimpin dengan alasan tak ingin Prabowo berkuasa adalah hal paling menyedihkan yg pernah gw ""dengar";1;
"I‚Ä¶""";;
"RT @TheCebongers: Prawobo sentil Jokowi ""Ugal2an.";;
"Lalu"" Bung Adian membalas bukan sentilan, tapi pukulan telak ke ""Prabowo!";;
"Pemerintahan"" yg ug‚Ä¶";0;
@PEPESOfficial Mengingatkan kepada Prabowo Sandi jg, bahwa beliau sudah menandatangani Pakta Integritas Ijtima Ulam‚Ä¶ https://t.co/HDwmOAb48V;1;
"RT @Aryprasetyo85: Sekjen PAN Akui Sejumlah Calegnya Menolak Kampanyekan ""Prabowo-Sandi";0;
;;
"Mereka"" menolak ikut mensosialisasikan Prabowo-Sandi‚Ä¶";;
"RT @RiswanLalu2: Siapa pemimpin yg cocok buat Indonesia ""?";;
;;
"a."" Prabowo-Sandi ""(PADI)";;
"b."" Jokowi-Maruf ""(KORUF)";;
;;
"Tekan"" (re-tweet) jika pilih (PA‚Ä¶";;
@RadioElshinta @IsmanWahyudi5 @prabowo Free New Social Network no one can report you and you can grow if people don‚Ä¶ https://t.co/7UtjOBsFhj;;
"RT @shadaqti: Bismillah.. """;;
;;
"Hai"" polling ya tweeps.. """;;
;;
"Siapa"" yang akan kalian percayakan suara anda untuk kabaikan negeri ini di pilpres 201‚Ä¶";;
"RT @shadaqti: Bismillah.. """;;
;;
"Hai"" polling ya tweeps.. """;;
;;
"Siapa"" yang akan kalian percayakan suara anda untuk kabaikan negeri ini di pilpres 201‚Ä¶";;
RT @putrabanten80: Biar @ruhutsitompul dengan mimpi &amp; ilusi nya, biarlah jokowi jadi presiden survai tapi yg jadi presiden rakyat itu pak @‚Ä¶;1
"RT @UtuhWibowo: Ssstt.. Ssstt.. HATTRICK! ""üòÖ";;
;;
"RS"" dipecat dari Timses Prabowo Sandi, negara tidak ada kerugian, digoreng terus ""menerus.";;
;;
"ST,‚Ä¶""";;
@Quvvatt @mikha690 @krakatau_putra @Nink47018190 @bungkusKopi33 @XihxhouxExchou @LindraEddianto @fluidasae‚Ä¶ https://t.co/JHsK8Lgalb;;
"Biar apapun tetap PRABOWO biar bagaimanapun tetap PRABOWO.. PRABOWO  menang  üáÆüá© PAS ti Jaya #Nomor2 ""üëÜüëå";;
"#2019PRABOWOPRESIDENT""";1;
"RT @RachlanNashidik: """"""Not"" two. Two is Prabowo. One is ""Jokowi""""."" """;0;
;;
"Pantaskah"" berkampanye politik dalam acara yang dibiayai APBN? Sri Mulyani?‚Ä¶";;
"RT @RiswanLalu2: Siapa pemimpin yg cocok buat Indonesia ""?";;
;;
"a."" Prabowo-Sandi ""(PADI)";;
"b."" Jokowi-Maruf ""(KORUF)";;
;;
"Tekan"" (re-tweet) jika pilih (PA‚Ä¶";;
RT @putrabanten80: Biar @ruhutsitompul dengan mimpi &amp;1;
@IMAM_YAA @jannotama @fluidasae @AkunTofa Udah2, kita fokus aja ke prabowo sandi, kalok ada komentar yang cenderung‚Ä¶ https://t.co/Zd32rOlPyU;1;
RT @SammiSoh: Pertama di sejarah, partai koalisi terang2an bilang gak bisa dukung capres terpilih koalisi, malah mau dukung capres seberang‚Ä¶;;
@prabowo https://t.co/HYyDdrGFe6;;
RT @DesyAnggriani12: Gampang di bohongi üòÇüòÇ https://t.co/D6kJUFoZHM;;
RT @prabowo: Semoga bisa berbuat semakin banyak untuk bangsa dan negara, berjuang bersama generasi muda dan para senior untuk mewujudkan In‚Ä¶;1;
RT @sewordcom: Dia mengeluh tetapi tidak ada solusi. Dia mengeluh tetapi tidak tahu sebabnya apa. Dia mengeluh karena hanya ingin jadi pres‚Ä¶;0;
"RT @AnthaYudha: Utk kesekian kalinya twit om @TeddyGusnaidi benar lagi! ""|";;
"Sekjen"" PAN Akui Sejumlah Calegnya Menolak Kampanyekan Prabowo-San‚Ä¶";0;
"RT @TheCebongers: @enylove2 Udah deh teh gini ""aja....";;
"Kalau"" sudah bicarakan ""Prabowo..";;
"Kita"" semua harus percaya sama Bung @AndiArief__ """;;
"Karn‚Ä¶""";;
@TPK_RI Demokrat adalah kunci kemenangan prabowo;1;
"Gini amat ya kalau debat dg pendukung prabowo... Debatnya mesti ""kemana"""".."" Selalu nyuruh ini itu, ngelarang ini itu.‚Ä¶ https://t.co/9rfYQQ5YuI";0;
RT @denzthea5: Kami bergerak dengan kemampuan kami tanpa ada donatur dari partai atw caleg. Ini murni biaya sendiri. Lihat aja jamuannya ha‚Ä¶;1;
"RT @NurSyahbana9: MEREKA SUDAH LEMPAR HANDUK """;1;
;;
"PAN"" Akui Fokus Hadapi Pileg Dibanding Menangkan ""Prabowo";;
;;
"Ini"" menunjukkan bahwa mereka tidak‚Ä¶";;
RT @TolakBigotRI: Benar apa yang dikatakan Bung Adian Napitupulu, Kubu Prabowo Subianto-Sandiaga Uno Terbiasa Menyebarkan Kebohongan/Fitnah‚Ä¶;0;
@ronald20467651 @tempodotco @prabowo Hdeeww;;
RT @kumparan: Polling kumparan III: Prabowo Unggul Lagi, di Mana Pendukung Jokowi? https://t.co/IH577R1Bd0;1;
RT @ikhwan_yan: @PEPESOfficial @swulll @fahiraidris @mom_zha @sandiuno @prabowo @marlina_idha @Ajeng__Cute16 @AsFairus @macan_uTara @LisaAm‚Ä¶;;
@katerinaKwari @syalunna @Blackbeard008 @trahlendir @jonathan_erwan @chicohakim @Dasmev2019 @masjoko_ind @masgag4h‚Ä¶ https://t.co/wM6PgqsdBR;;
RT @panca66: Pertarungan dimulai https://t.co/V3d6l5fhER;;
@Abby_Zahra @RajaPurwa anda sama saja dengan prabowo yang percaya kebohongan ratna sarumpeat üòÖüòÖüòÇüòÇ dibilag bukti kre‚Ä¶ https://t.co/2V8GZMk7Oc;0;
RT @TeddyGusnaidi: Jangankan Program, bahkan semua khayalan Prabowo sudah dilakukan Jokowi. Lalu apa lagi yang mau mereka jual? ya cuma hoa‚Ä¶;0;
RT @PEPESOfficial: Dan alhamdulillah, PEPES pun hadir dalam bentuk Buletin selain beramar makruf nahi mungkar, juga mengenalkan program2 PE‚Ä¶;;
"Aduh kenapa sih orang-orang pinter ngumpulnya di kubu ""#PrabowoSandi?";0;
;;
"Jika"" masih ada anak-anak muda yang peduli den‚Ä¶ https://t.co/wCF96UCJQo";;
"RT @marierteman: gegara peluru nyasar, "".....";;
"saya"" baru tau kalau anggota @DPR_RI itu bukan cuma bung @fadlizon dan @Fahrihamzah """;1;
;;
"yg"" lain m‚Ä¶";;
RT @rahmaniarbaftim: @PEPESOfficial @swulll @fahiraidris @mom_zha @sandiuno @prabowo @marlina_idha @Ajeng__Cute16 @AsFairus @macan_uTara @L‚Ä¶;;
RT @putrabanten80: Koordinator Prabowo-Sandi Digital Team @thonyleong : 10 bulan pencapaian @sandiuno sudah banyak bukti nyata yg langsung‚Ä¶;1;
Gw mah bingung ama rangorang yg bangga2in Prabowo. Tangannya bergelimang darah rakyat. Kalo ga percaya, sana ngopre‚Ä¶ https://t.co/r9Px83NhFa;0;
RT @ardi_riau: Kemerihan dalam memperingati Yaumil MILAD nya pak Prabowo Subianto yang ke 67 tahun di Rumah Pemenangan Relawan Nasional Pra‚Ä¶;1;
PAN : Fokus Lolos Parlemen, Sejumlah Caleg Tolak Kampanyekan Prabowo https://t.co/bpJ1BilWUF;0;
RT @sudjiwotedjo: Wayang Bima-ku kalau ditanggap Kubu Pak Jowoki maupun IMF dan wayang Bima-ku kalau ditanggap Kubu Pak Prabowo https://t.c‚Ä¶;1;
"RT @AdityaWisnu: Jokowi itu manager. Do the things right, melakukan sesuatu yang ""benar.";;
"Prabowo"" itu leader. Do the right things, melakukan‚Ä¶";1;
RT @sudjiwotedjo: Wayang Bima-ku kalau ditanggap Kubu Pak Jowoki maupun IMF dan wayang Bima-ku kalau ditanggap Kubu Pak Prabowo https://t.c‚Ä¶;1;
"RT @Mas_AWS: Bpk sy meninggal Jumat 11/08/2017, beliau pernah mengatakan """"""Suasana"" Negri ini sdh mirip thn 65. Butuh pemimpin yg Pemberani &amp";‚Ä¶;
RT @putrabanten80: Koordinator Prabowo-Sandi Digital Team @thonyleong : 10 bulan pencapaian @sandiuno sudah banyak bukti nyata yg langsung‚Ä¶;1;
"RT @aniesbaswedan: Tadi mampir ke rumah Pak Prabowo. Di hari ulang tahun ke-67 ini..... teriring ucapan selamat dan ""doa....";1;
;;
"Semoga"" kesehat‚Ä¶";;
"RT @ridlwandjogja: Pak Prabowo ikut menyiarkan kebohongan Ratna di TV One, berjamaah, kolektif. ""BOHONG.";0;
"KPK"" tegas menangkap siapapun yang k‚Ä¶";;
@Dahnilanzar @jokowi Emang dengan segala kelebihan dan kekurangan @jokowi wajar dong timses prabowo kritik terus. T‚Ä¶ https://t.co/9Y2WNrt4vG;0;
RT @urip_wibowo77: @hailthedon @swulll @PEPESOfficial @sandiuno @prabowo @Dahnilanzar Allahu Akbar, Alhamdulillah....saran saya diterima, m‚Ä¶;;
RT @GloriaSitompul: ü§£ü§£ü§£ https://t.co/GJQD3PIGwM;;
"RT @GuruKaWe: """"""PRABOWO"" ""PRESIDEN"""""" Menggema di Blok ""M";1;
"Prabowo"" Subianto merayakan hari ulang tahunnya ke-67 dengan menyapa kalangan emak-emak‚Ä¶";;
Isu Ke-HALAL-an menjadi perhatian besar bagi orang muslim. Perhatian #PrabowoSandi untuk menjadikan Indonesia sebag‚Ä¶ https://t.co/kbFzuX9ckt;;
